ID,EN,TH
976354820096,Right click to study this blueprint,
1751827103744,Blueprint: Improved Grill,
1977031868416,Blueprint: Advanced Purifier,
2324727087104,Blueprint: Radio Antenna,
2557611622400,Blueprint: Radio Station,
3623442989056,Blueprint: Sawmill,
3830712909824,Blueprint: Biofuel Lab,
4715976860385280,Blueprint: Cabinet (Blue),
8811510578511872,Blueprint: Furnace,
8811855039922176,Blueprint: Anvil,
8812907143331840,Blueprint: Gun Workshop,
8821363569033216,Blueprint: Animal Cage,
8839414691627008,Blueprint: Glass Wall,
9112540969140224,Blueprint: Reinforced Structures,
9119930456178688,Blueprint: Metal Gate,
9120373311766528,Blueprint: Reinforced Barricade,
9121808703258624,Blueprint: Artillery,
9128889128812544,Blueprint: Crystal Chandelier,
9129308487909376,Blueprint: European Chandelier,
9131113280143360,Blueprint: Reinforce Structures,
9150375352827904,Blueprint: 40MM Grenade,
9188064785563648,Blueprint: Battery,
9192124972498944,Blueprint: Smokeless Powder,
13005318517530624,Blueprint: Steel Furnace,
13292350296924160,Blueprint: Electric Oven,
13292570917314560,Blueprint: Coffee Machine,
13292584636882944,Blueprint: Blender,
13292637522862080,Blueprint: Fish Tank,
13899186121318400,Blueprint: Paint,
16960774065373184,Blueprint: 50 Cal Ammo,
18075543971315712,Blueprint: Percussion Pistol,
19442631954100224,Blueprints,
19550129078419456,Blueprint: Antique Flintlock Pistol,
26577346684100608,Blueprint: Air Filling Station,
26578117056110592,Blueprint: Battery Charger,
34356025620971520,Blueprint: Ore Detector,
34359586014642176,Blueprint: Jetski,
34359733813526528,Blueprint: Jetstream Bowrider,
34359965771120640,Blueprint: Light Helicopter,
34360342729998336,Blueprint: Large Generator,
34360475559411712,Blueprint: Marine Fast Boat,
34361238499115008,Blueprint: Military Grenade,
34371170116059136,Blueprint: Military Backpack,
34675423992889344,Blueprint: Motor Boat,
35589248378576896,Blueprint:  Scuba Diving Fins,
35592384623255552,Blueprint: Buoy,
6881796096,Simple Grill,
179515154432,Cooks raw foods for more nutrition.,
1473426542813184,Improved Grill,
1473426614116352,"Faster cooking, saving wood, more charcoal.",
1473426618310656,Simple Purifier,
1473426618310657,Converts seawater into fresh water.,
1473426618310658,Advanced Purifier,
1473426618310659,"Pumps and distills seawater, accelerates purification.",
1473426618310660,Stove,
1473426618310661,Can be used to cook more nutritious meals.,
1473426618310662,Improved Stove,
1473426618310664,Fishnet,
1473426618310665,It automatically catches small fish.,
1473426618310666,Planter,
1473426618310667,"Used for planting various types of fruits, vegetables, and shrubs.",
1473426618310668,Animal Cage,
1473426618310669,Used for raising small animals.,
1473426618310670,Greenhouse,
1473426618310671,Plants grow faster in the greenhouse.,
1473426618310672,Research Table,
1473426618310673,Used to unlock more constructible items and base facilities.,
1473426618310674,Furnace,
1473426618310675,Can be used to convert ores into metal ingots.,
2672607370403840,Wooden Wall With Door Slot,
1473426618310678,Gun Workshop,
1473426618310679,Workshop used for crafting modern firearms.\x0A,
1473426618310680,Ammo Workshop,
1473426618310681,Used for crafting modern ammunition.,
1473426618310682,Armor Workshop,
1473426618310683,Used for crafting modern helmets and bulletproof vests.,
1473426618310684,Heavy Workbench,
1473426618310685,Used for crafting complex machinery and tools.,
1473426618310686,Sawmill,
1473426618310687,Process regular wooden planks into refined wooden planks.,
1473426618310688,Biofuel Lab,
1473426618310689,Used for crafting fuel.,
1473426618310690,Small Generator,
1473426618310691,Provides power to various electrical devices. Consumes fuel.,
1473426618310692,Radio Antenna,
1473426618310693,Can provide signals to radios.,
1473426618310694,Radio Station,
1473426618310695,Used to receive external messages.,
1473426618310696,Wooden Foundation,
1473426618310697,The foundation of base construction.,
1473426618310698,Metal Foundation,
1473426618310700,Reinforced Foundation,
1473426618310702,Wooden Wall,
2673674124517377,Can only be built on foundations and floors.,
1473426618310708,Wooden Floor,
1473426622504961,Wooden Pillar,
1473426622504962,Used to support upper structures.,
1473426622504963,Wooden Roof,
1473426622504964,Can only be built on pillars.,
1473426622504965,Metal Wall,
1473426622504967,Metal Wall With Door,
1473426622504969,Metal Wall With Window,
1473426622504971,Glass Wall,
1473426622504973,Reinforced Wall,
1473426622504975,Reinforced Wall With Door,
1473426622504977,Reinforced Wall With Window,
1473426622504979,Metal Floor,
1473426622504981,Metal Column,
1473426622504983,Wooden Ladder,
1473426622504984,Can be attached to foundations and floors.,
1473426622504985,Metal Ladder,
1473426622504987,Wooden Stairs,
1473426622504988,Can be placed on foundations and floors.,
1473426622504989,Metal Roof,
1473426622504995,Metal Door,
1473426622504996,Can be attached to door frames.,
1473426622504997,Metal Window,
1473426622504998,Can be attached to window frames.,
1473426622504999,Reinforced Door,
1473426622505001,Reinforced Window,
1473426622505005,Floor Tile (Wooden),
1473426622505006,Can be attached to foundations and floors.,
1473426622505007,Wallpaper (Green),
1473426622505015,Wooden Door,
1473426622505017,Wooden Window,
1473426622505023,Wooden Defensive Wall,
1473426622505024,Wooden defensive wall that can be used to enclose your base.,
1473426622505025,Wooden Gate,
1473426622505026,Wooden door that can be opened and closed.,
1473426622505027,Artillery,
1473426622505028,"Launches homemade projectiles, causing widespread damage to invading enemies.",
1473426622505029,Metal Defensive Wall,
1473426622505030,Even sturdier defensive wall.,
1473426622505031,Metal Gate,
1473426622505032,Even sturdier metal door that can be opened and closed.,
1473426622505033,Wooden Barricade,
1473426622505034,Simple barricade that can obstruct invaders.,
1473426622505035,Barbed Wire,
1473426622505036,Simple barricade that can obstruct invaders.,
1473426622505037,Barricade,
1473426622505038,Simple wooden cover that can be crouched behind for shooting.,
1473426622505039,Reinforced Barricade,
1473426622505040,"Sturdy metal cover that can withstand gunfire, providing you with maximum protection.",
1473426622505041,Metal Armor Plate,
1473426622505042,Small armor plates that can be attached anywhere to reinforce and provide protection.,
1473426622505043,Tire Stack,
1473426622505044,A pile of discarded tires for creating makeshift cover.,
1473426622505045,Heavy Machine Gun,
1473426622505046,Stationary heavy weapon that can rotate. Uses large caliber ammunition.,
1473426622505047,Siren,
1473426622505048,A high pitch alarm system.,
1473426622505049,Detector,
1473426622505050,Activates nearby alarms when enemies enter its range.\x0D,
1473426622505051,Heavy Crossbow,
1473426622505052,N/A,
1473426622505053,Wall Spikes,
1473426622505054,Mounted on walls and damages enemies upon contact.,
1473426622505055,Wall Trap,
1473426622505056,"Mounted on walls, nearby enemies trigger dropping heavy objects.",
1473426622505057,Simple Bed,
1473426622505058,Sleep to pass the night and restore stamina. Be cautious not to disrupt your sleep schedule.,
1473426622505059,Marker Flag,
1473426622505060,Place it to mark a location.,
1473426622505061,Wooden Chest,
49208423507521536,Used for storing items.\x0D,
1473426622505063,Metal Chest,
1473426622505065,Ammo Box,
1473426622505066,Can be used for storing items.,
1473426622505067,Fridge,
1473426622505068,Store and organize food.,
1473426622505069,Wooden Closet,
1473426622505071,Metal Barrel,
1473426622505073,Wooden Shelving,
1473426622505074,Used for storing wooden planks.,
1473426622505079,Metal Shelving,
1473426622505080,Used for storing scrap metal.,
1473426622505081,Wooden Boat,
1473426622505082,A simple boat powered by oars.,
1473426622505083,Wooden Sailboat,
1473426622505084,A wooden sailboat that can accommodate 4 people. It has storage space.,
1473426626699266,Motor Boat,
1473426626699267,A small gasoline-powered boat that can carry 2 people. It's faster and has storage space.,
1473426626699268,Jetski,
1473426626699269,Single-person high-speed jet ski. No storage space.,
1473426626699270,Light Helicopter,
1473426626699271,A small helicopter that can carry two people. It has storage space. It greatly challenges one's flying skills.,
1473426626699272,Standing Torch,
1473426626699273,Provide a small scope of illumination.,
1473426626699274,Fire Bowl,
1473426626699275,The firelight is brighter and has a wider range.,
1473426626699276,Hanging Lantern,
1473426626699277,It can be hung from the ceiling.,
1473426626699278,Bonfire,
1473426626699279,It can illuminate a wide area. Wood needs to be added. Suitable for lighting up large outdoor spaces.,
1473426626699280,Buoy,
1473426626699281,Floating flags that can be placed on the sea.,
1473426626699282,Floor Lamp,
1473426626699284,Ceiling Light,
1473426626699286,Searchlight,
1473426626699287,Direction-controllable searchlight. Requires connection to a generator.,
1473426626699288,Table Lamp,
1473426626699292,Humble Chair,
1473426626699294,Humble Sofa,
1473426626699296,Humble Table,
1473426626699298,Map Board,
1473426626699300,Single bed,
1473426626699302,Double Bed,
1473426626699304,Collection Cabinet,
1473426626699306,Cabinet 2,
1473426626699308,Chandelier 1,
1473426626699309,"Luxurious large chandelier, requires connection to a generator.",
1473426626699310,Chandelier 2,
1473426626699312,Clock 2,
1473426626699314,Console 1,
1473426626699316,Console 2,
1473426626699318,Console 3,
1473426626699320,Counter,
1473426626699322,Fireplace 1,
1473426626699324,Fireplace 2,
1473426626699326,Leather Chair 1,
1473426626699328,Leather Chair 2,
1473426626699330,Leather Chair 3,
1473426626699332,Leather Couch 1,
1473426626699334,Leather Couch 2,
1473426626699336,Leather Couch 3,
1473426626699338,Leather Couch 4,
1473426626699340,Makeup Table,
1473426626699342,Round Table,
1473426626699344,Sofa 1,
1473426626699346,Stand,
1473426626699348,TV,
2670757384544256,Recycler,
2670757401321472,Drag unused items into it to dismantle and obtain partial raw materials.,
2670757401321473,Anvil,
2670757401321474,Used for crafting advanced metal weapons.,
27343263379193856,European Chandelier,
27343469332103168,Crystal Chandelier,
49198253587001344,A larger generator that can connect more electrical devices and is more fuel-efficient.,
49204838333902848,Lighting devices. Require connection to a generator.,
28382930081906688,Concave Cabinet,
28383180431523840,Solid Wood Cabinet,
28383144054325248,Simple Cabinet,
28386959210020864,Double Door Wardrobe,
28390549324529664,Blue Patterned Chair,
28390622875844608,Small Bench,
28390858360848384,Square Table,
28390765985497088,Desk,
28390948957814784,Plaid Couch,
28390891378409472,Red Cloth Sofa,
28390995162267648,Double Shelf,
28391036300001280,Log Desk,
28391132605415424,Counter,
28391463045267456,Fireplace,
28391514622623744,Armchair,
28391541327757312,Black Leather Chair,
28391570318786560,Black Leather Couch,
28391488412418048,Backrest Chair,
28391596659015680,Makeup Table,
28391619140485120,Round Table,
28391642662141952,Round Glass Table,
28391679404244992,Hanging Clock,
28391706251984896,Premium Fireplace,
28391729274519552,European Leather Chair,
30963988772646912,Steel Furnace,
31205516120125440,Electric Oven,
31205907939422208,Blender,
31206061304147968,Coffee Machine,
31422447179755520,Catamaran,
31430885523812352,Marine Fast Boat,
31431116969701376,Jetstream Bowrider,
31508533726781440,Large Generator,
31514827007303680,Wind Turbine,
31514791376691200,Power Transmitter,
31801764494548992,Fish Tank,
31996467903045632,Modern Lamp Post,
31996378820222976,Modern Garden Lamp,
31996456901386240,Modern Wall Lamp,
28391754096410624,Chaise Leather Couch,
28391898875396096,French Sofa,
28391870505123840,Green Leather Couch,
28391832517312512,Single Leather Couch,
28391934485037056,TV,
28391777584513024,Vintage Leather Couch,
36603555016622080,Workbench,
36603689100132352,Craft various items,
39600873146261504,Floor Tile (White Tiles),
39601581140582400,Floor Tile (European),
39602186428981248,Wallpaper (Yellow),
39602266863149056,Wallpaper (Blue),
42894995206545408,Safe,
44430125627830272,Battery Charger,
44482461867929600,Air Filling Station,
44693919026225152,Paddle Boat,
45085746527051776,Tool Box,
45086888422121472,Food Container,
46756038527434752,Very difficult to break.,
49200842097520640,Decorative Furniture,
54113330980036608,Wooden Wall With Window,
54113856270475264,Can be built on any wall.,
54452364929155072,Manually refills your air tanks.,
56140909246955520,Used to charge batteries. Requires power source.,
57582657361952768,Can be placed anywhere.,
57582898735759360,Wooden Stairs,
58155899552636928,Metal Stairs,
58052075554971648,Wooden Stairs,
58862938523398144,Repair Station,
58863154735575040,Can be used to repair equipment.,
40763383808,Gena,
5526365728770,Quest Menu,
5526365728769,Map Menu,
5526365728768,Jump,
5526361534466,Move,
5526361534465,Sprint,
5526361534464,Aim Down Sight,
2005679534080,None,
5526365728771,Inventory Menu,
5526365728772,Build Menu,
5526365728773,Menu,
5526365728774,Use / Mouse Click,
5526365728775,Switch Standing/Crouch,
5526365728776,Reload,
5526365728777,Select Next QuickSlot,
5526365728778,Main Interaction,
5526365728779,Secondary Interaction,
5526365728780,Look / Aim,
5526365728781,Use QuickSlot Item,
379709284352,"Hey there, you must be the new guy I spotted through my binoculars. I'm Gena, nice to meet you!",
1299784392704,"Uh, hi. What's up?",
42873118720,None,
120291581952,The Sea Vipers,
20977650512707584,The Krakens,
20978081615855616,The Marauders,
20978605442482176,The Warheads Tribe,
20987144961540096,The Hunters Union,
20987575729143808,The Slavers,
20988057243631616,The Skull Crushers,
20988676612308992,The Scorchers,
20990936260034560,The Salvation Clan,
20991536762732544,"They are pirates known for targeting weaker settlements. They are less equipped than some other pirate groups, but make up for it with their large number and ruthlessness.",
20991662080147456,"A fearsome pirate clan renowned for their formidable firepower, armed with an arsenal that includes machine guns. They are ruthless and without honor, attacking anyone who dares to come close, even turning against their own at times.",
20991797996568576,"A formidable clan comprised of exceptionally skilled combatants, sought after by various warring tribes as elite mercenaries.",
20991850647666688,"Greedy and ruthless, they capture and enslave people for profit, striking fear into all who resist.",
20991894285205504,"Fearsome warriors, draped in skull-adorned armor, instilling terror. Bound by loyalty and strength, they dominate ruthlessly, leaving a trail of devastation.",
20992079656665088,"Pirates ruling the waterlogged world with ruthless cunning. Their black banner bear the mark of a colossal kraken, bringing doom to all who cross their path.",
20992135621263360,"A faction with a fervent belief in their power and inherent right to rule. Rising from the remnants of a ravaged world, they see themselves as the saviors destined to guide humanity towards a new order. ",
20992010500980736,"Notorious bandits thriving in a flooded nuclear power station. Adapted to the radioactive environment, they leave destruction in their wake.",
20991730258558976,"The bloodthirsty warlords seek relentless expansion and unrivaled dominance. Their insatiable thirst for power drives them to conquer new territories without remorse, leaving only chaos and destruction. ",
33607066329825280,Mutants,
8494575616,System,
85069983744,Joined the game.,
9106944000,Inventory Is Full,
1924750178603008,Save Error,
1929156966043648,Delete Directory Error,
1929591735013376,Load Error,
2080966653595648,File Exists Error,
2081370720260096,Directory Existence Error,
2081919662379008,Get Directories Error,
12032804609028096,Sleep ({joinMember}/{allMember}),
27712248338149376,Place The Battery,
27712598482841600,Take Battery,
27712833510666240,Charging Now,
41475898488090624,Take Air Tank,
41476171575029760,Place Air Tank,
571921653760,Place Item,
571942625280,Add Wood ({woodAmount} / {woodCapacity}),
571942625281,Take Item,
22783533768705,Can not Add More Wood,
22783533768707,Can not Add More Fuel,
24756559536128,"Ore Smelting, Please Wait ",
10122602481676288,Add Food,
10122909009801216,Cook,
10123108973244416,Take Food,
10123238694678528,Eat,
10349604639830016,Add Sea Water ({seaWaterAmount} / {seaWaterCapacity}),
10350570160222208,Take Water ({freshWaterAmount} / {freshWaterCapacity}),
10351023346380800,Drink Water ({freshWaterAmount} / {freshWaterCapacity}),
10362935178129408,Take {itemInProduction},
10370009018626048,Take Fish ({fishAmount}/{maxFishAmount}),
10378126997549056,Plant,
10378723498881024,{operation},
10386160763236352,Work Station,
10386716185554944,Avil,
10387557160284160,Ammo Workshop,
10387791860953088,Armor Workshop,
10388094823919616,Heavy Workbench,
10393255503949824,Take Wood,
10401156909985792,Add Ingredient ({ingredientAmount} / {ingredientCapacity}),
10401553930219520,Take Fuel ({fuelAmount} / {fuelCapacity}),
10403200626552832,Radio Station,
10412500635840512,Artillery,
10412823026823168,Heavy Machine Gun,
10413112043728896,Heavy Crossbow,
10449659967270912,It's Not Bedtime,
10451567083745280,Change Color,
10452337778716672,Wooden Chest,
10452592716902400,Metal Chest,
10452814981459968,Ammo Box,
10453064404135936,Fridge,
10453275616702464,Wooden Closet,
10453464544931840,Metal Barrel,
10472845983313920,Add {itemName},
10474811597746176,Search Light,
10497641991335936,Drive,
10503777180151808,Sit (Passenger),
10508649514364928,Chest,
26379348044902400,Add Iron Ingot ({IronIngotAmount}/{IronIngotRequest}),
26380996435734528,Take Steel Ingot,
26614973977292800,Working Now,
27002417860014080,Add Fuel ({fuelAmount}/{fuelCapacity}),
27547374345744384,Add Coal ({CoalAmount}/{CoalCapacity}),
27575776679260160,Enter,
30047358479724544,Open,
30084644365889536,Install Explosive,
30124790180179968,Repair,
31320611030528000,Helicopter Propeller,
31916752877088768,Don't Decompose Item!,
31917132612595712,Can not be Decomposed !,
31919026206633984,Something is ready to bake!,
31920797083725824,Need a bucket filled with seawater,
31921114894528512,No empty water bottle in inventory,
31922833615450112,Someone is occupying,
31927742515605504,Water too deep here,
31928015501881344,Your base is under attack!,
31930697994170368,The door is not ready now,
31932157041537024,No dynamite in inventory,
31932573099716608,Doesn't  connect to  power source ,
31939224921927680,No ,
31941938758250496,Out Of Fuel,
31942123081134080,"Short circuit, please repair",
31944485082460160,Out of Power,
33741680890834944,Dropped Backpack,
34658298898640896,Max Connected Point,
35193377030893568,Enemies Nearby!,
36153336522567680,Reset Trap,
37334289659949056,Install Battery,
37334920172892160,No battery in inventory need to charge,
37487804206247936,Toggle,
38749471854522368,Coal Max,
39839028947677184,There is no battery,
39888154959769600,Hold To Operate,
39889139794931712,No air tank in inventory need to fill,
39889432087588864,No  air tank to get,
40586221337931776,Remove Battery,
40933094603059200,Turn Off,
40933284890243072,Turn On,
40978484522086400,SCAVENGING...,
43101866055135232,"The force was too small, and the fish ran away",
43102087770238976,The fish ran away with too much force,
44162537702256640,Open Door,
44162697727537152,Close Door,
44162846088458240,Open Window,
44162977558917120,Close Window,
44578880570224640,[F] FILL WITH SEA WATER,
44579227409805312,New item added to wishlist,
44579484881350656,Decompose Item,
44579661025341440,Can Not Use Underwater,
44579917448310784,Discovered New Location,
45187956622716928,Use Tools To Collect,
45188446899105792,Collect,
45188661559390208,Craft Failed,
45188866493083648,Too Far From Workstation,
45189167929323520,Wrong Tool,
45314788252676096,Are you sure to demolish,
45774894549975040,Trade,
48520833754165248,Leave vehicle first,
48817835767459840,You are not bleeding,
48862432619098112,Demolish...,
49082679485755392,Activate,
49096381714886656,Neutral,
49515760411701248,Push Boat,
51815209896996864,The items placed inside of this object will be destroyed. Are you sure to pack it up?,
952153686016,Mainly used for crafting black powder ammunition.\x0A,
1889492549632,N/A,
8930697166848,Ammunition used in various types of black powder firearms.,
1681127205871616,Decoration. Right click to place it.,
1684948875321344,A bucket to hold seawater.,
1684952872493056,The container for fresh water.,
1684954814455808,Used for mining ores.\x0D,
1684955791728640,Used for repairing and demolishing buildings.,
1684956727058432,Use it to observe distant areas.,
1684957565919232,Swim rapidly like a fish.,
1684958538997760,"Identify directions anytime, anywhere.",
1684959549825024,It detects anything metallic.,
1690765456416768,Used for stopping bleeding.,
1684962167070720,Used for catching small fish. Requires bait.,
1684963001737216,Provides power for mobile electronic devices. scooters. Drag it to install. ,
1684963844792320,Thrown to illuminate a wide area of land or even the pitch-black seabed.,
1684965019197440,"A strong headlamp with far-reaching light, perfect for illuminating the dark depths of the sea.",
1686145560584192,Lockpick,
1690770288254976,Restores a significant amount of health points.,
1690772469293056,It's used to connect things.,
1690774482558976,"Basic material used for crafting armor, ropes, and some furniture.",
1690776663597056,Ingredient for modern ammo making.,
1690782095220736,"Items like bolts, wires, nails, and the like.",
1692984989818880,Used for crafting modern firearms.,
1692990190755840,Required for crafting electronic devices.,
1692992136912896,Used for crafting luxury furniture.,
1692994481528832,Used to craft bottles and some structures.,
1692995458801664,Can be melted in a furnace to create copper ingots.,
1692996431880192,Raw material for crafting fabric.,
1692998508060672,Can be melted in a furnace to create iron ingots.,
1693000521326592,Has multiple uses.,
1693003176321024,Usually found underwater.,
1693006699536384,Used to make black powder.,
1693008041713664,Has a wide range of uses. Obtained by chopping down trees or wooden furniture.,
17676552326627328,"Quite valuable, selling to traders might yield a significant profit.",
19399958027268096,Reduces hunger and thirst rate.,
20965663695192064,Increases diving time.,
21426795427360768,Can increase swimming speed.,
30684847221469184,Advanced crafting material.,
24210172382035968,Used to unlock boats on the research table.,
25372100915642368,Increases diving time temporarily,
30684581654917120,Advanced crafting material.,
28247058335416320,Ammo for crossbow.,
29627205194104832,"+30 hydration and food level, increases stamina recovery speed.\x0D",
29631897206800384,Completely restores food level and increases maximum health by 50.,
29637467737440256,"Completely restores hydration and food level, and enhances swimming and diving abilities.",
30369775171944448,Improves swimming speed and diving duration.,
30370115229335552,Increases maximum health by 50.,
30371329341931520,Used for crafting molotov cocktails.,
30655032313475072,Restores a small amount of health points.,
30682035951464448,Simple lighting tool that can illuminate a small area.,
30683320767442944,Can target enemies further away.,
30683675806887936,Add more backpack capacity,
30683915955957760,Can increase some backpack capacity,
19981379968135168,Temporarily increases diving duration.,
19982244896534528,Temporarily increases stamina recovery speed.,
30684987915202560,Harder than iron.,
30685061017726976,Used for home decoration.,
30685176369475584,Used for advanced machinery.,
30685290907529216,Used for creating wallpapers and floors.\x0D,
30685407714701312,"Used for making ammo, producing gas, and more.",
30685934775136256,Used for crafting advanced armor.,
30686054371520512,Used for building home decorations.,
30687137684746240,Used for crafting modern ammo and electronic devices.\x0D,
30688812810072064,Ammunition for modern pistols.,
30688861916983296,Ammunition for modern rifles.,
30688909711077376,Ammunition for modern shotguns.,
30688734846349312,"A glass bottle filled with gasoline, which can cause sustained area burning when exploded.",
30688639161692160,Powerful modern military grenade.,
30688583306145792,Improvised explosive made from scrap metal.,
30688398047932416,Ammunition for large-caliber machine guns and rifles.,
30687570658553856,Might be used in crafting certain items.,
30687484956340224,"Can be used to craft various items such as diving fins, armor, and more.",
30687391213645824,Perhaps could be used to craft some props.,
30687299186421760,Obtained from animals and can be processed into leather.\x0D,
30687213702311936,Used to provide engine power for boats and can also be used for generating electricity.,
35467332524982272,Diving time increased,
35994771449724928,Can be crafted into a functional gun in a gun workshop.,
35997568555565056,Can be crafted into a new armor in an armor workshop.,
38280086098505728,Used to pack placed objects back into your inventory.,
27329028096,Crude Axe,
1476949783339008,Twohand Axe,
1476949800116224,N/A,
1476949800116225,Iron Axe,
1476949800116227,Wooden Spear,
1476949800116228,N/A,
1476949800116229,Iron Spear,
1476949800116230,N/A,
1476949800116231,Bow,
1476949800116233,Crossbow,
1476949800116235,Arrow,
1476949800116236,The ammunition for bows.,
1476949800116237,Crossbow Bolt,
1476949800116238,Ammunition for crossbow,
1476949804310529,Machete,
1476949804310530,N/A,
1476949804310531,Spiked Club,
1476949804310532,N/A,
1476949804310533,Wooden Knife,
1476949804310534,It cuts...I hope...,
1476949804310535,Pipe Pistol,
1476949804310536,N/A,
1476949804310537,Scrap Pistol,
1476949804310538,N/A,
1476949804310539,Homemade Revolver,
1476949804310540,N/A,
1476949804310541,Double Barrel Shotgun,
1476949804310542,N/A,
1476949804310543,PM,
1476949804310544,N/A,
1476949804310545,GP20,
1476949804310546,N/A,
1476949804310547,Pump Shotgun,
1476949804310548,N/A,
1476949804310549,SMG,
1476949804310550,N/A,
1476949804310551,Hunting Rifle,
1476949804310552,N/A,
1476949804310553,Old Bolt Action Rifle,
1476949804310554,N/A,
1476949804310555,AK47,
1476949804310556,N/A,
1476949804310557,CZ60,
1476949804310558,N/A,
1476949804310559,Grenade Launcher,
1476949804310560,N/A,
1476949804310561,M14,
1476949804310562,N/A,
1476949804310563,M16,
1476949804310564,N/A,
1476949804310565,Broken GP20,
1476949804310566,Not functioning any more. But can be used to craft a new gun.,
1476949804310567,Broken PM,
1476949804310568,Not functioning any more. But can be used to craft a new gun.,
1476949804310569,Broken Revolver,
1476949804310570,Not functioning any more. But can be used to craft a new gun.,
1476949804310571,Broken Bolt Action Rifle,
1476949804310572,Not functioning any more. But can be used to craft a new gun.,
1476949804310573,Broken Pump Shotgun,
1476949804310574,Not functioning any more. But can be used to craft a new gun.,
1476949804310575,Broken SMG,
1476949804310576,Not functioning any more. But can be used to craft a new gun.,
1476949804310577,Broken AK47,
1476949804310578,Not functioning any more. But can be used to craft a new gun.,
1476949804310579,Broken M14,
1476949804310580,Not functioning any more. But can be used to craft a new gun.,
1476949804310581,Toy Bike,
1476949804310582,Right click to place it,
1476949804310583,Candlestick,
1476949804310584,Right click to place it,
1476949804310585,Carpet,
1476949804310586,Right click to place it,
1476949804310587,Sofa Chair,
1476949804310588,Right click to place it,
1476949804310589,Red Sofa Chair,
1476949804310590,Right click to place it,
1476949804310591,Wooden Chair,
1476949804310592,Right click to place it,
1476949804310593,Cooling Chair,
1476949804310594,Right click to place it,
1476949804310595,Delicate Chandelier,
1476949804310596,Right click to place it,
1476949804310597,Moire Ceramic,
1476949804310598,Right click to place it,
1476949804310599,Patterned Circular Porcelain,
1476949804310600,Right click to place it,
1476949804310601,Ceramic Bottle,
1476949804310602,Right click to place it,
1476949804310603,Patterned Bronze Ware,
1476949804310604,Right click to place it,
1476949808504832,Patterned Blue and White Pottery,
1476949808504833,Right click to place it,
1476949808504834,Blue Oil Bottle,
1476949808504835,Right click to place it,
1476949808504836,Old Clock,
1476949808504837,Right click to place it,
1476949808504838,Exquisite Wooden Table,
1476949808504839,Right click to place it,
1476949808504840,Solid Wood Shelf,
1476949808504841,Right click to place it,
1476949808504842,Old Style Storage Shelf,
1476949808504843,Right click to place it,
1476949808504844,Console 8,
1476949808504845,Right click to place it,
1476949808504846,Darts Target,
1476949808504847,Right click to place it,
1476949808504848,Decorative Plate Stand,
1476949808504849,Right click to place it,
1476949808504850,Desk Clock,
1476949808504851,Right click to place it,
1476949808504852,Covered Easel,
1476949808504853,Right click to place it,
1476949808504854,Fish Statue,
1476949808504855,Right click to place it,
1476949808504856,Game Console,
1476949808504857,Right click to place it,
1476949808504858,Small Globe,
1476949808504859,Right click to place it,
1476949808504860,Globe,
1476949808504861,Right click to place it,
1476949808504862,Hanger,
1476949808504863,Right click to place it,
1476949808504864,Horse Statue,
1476949808504865,Right click to place it,
1476949808504866,Toy Horse,
1476949808504867,Right click to place it,
1476949808504868,Jewelry Casket,
1476949808504869,Right click to place it,
1476949808504870,Modern Floor Lamp,
1476949808504871,Right click to place it,
1476949808504872,Table Lamp,
1476949808504873,Right click to place it,
1476949808504874,Lamp Table 2,
1476949808504875,Right click to place it,
1476949808504876,Old Desk Lamp,
1476949808504877,Right click to place it,
1476949808504878,Wall Lamp,
1476949808504879,Right click to place it,
1476949808504880,Lantern,
1476949808504881,Right click to place it,
1476949808504882,Large Vase,
1476949808504883,Right click to place it,
1476949808504884,Mirror,
1476949808504885,Right click to place it,
1476949808504886,Mirror 2,
1476949808504887,Right click to place it,
1476949808504888,Floor Mirror,
1476949808504889,Right click to place it,
1476949808504890,Neon Bestdayever,
1476949808504891,Right click to place it,
1476949808504892,Neon Cat,
1476949808504893,Right click to place it,
1476949808504894,Neon Gamer,
1476949808504895,Right click to place it,
1476949808504896,Neon Guitar,
1476949808504897,Right click to place it,
1476949808504898,Neon Hotel,
1476949808504899,Right click to place it,
1476949808504900,Neon Money,
1476949808504901,Right click to place it,
1476949808504902,Neon Nightclub,
1476949808504903,Right click to place it,
1476949808504904,Neon Peace,
1476949808504905,Right click to place it,
1476949808504906,Neon Route66,
1476949808504907,Right click to place it,
1476949808504908,Neon Woman 1,
1476949808504909,Right click to place it,
1476949808504910,Neon Woman 2,
1476949808504911,Right click to place it,
1476949808504912,Owl Toy,
1476949808504913,Right click to place it,
1476949808504914,Pan,
1476949808504915,Right click to place it,
1476949808504916,Picture 1,
1476949808504917,Right click to place it,
1476949808504918,Oil Painting(Comfortable),
1476949808504919,Right click to place it,
1476949812699136,Oil Painting(Lotus),
1476949812699137,Right click to place it,
1476949812699138,Oil Painting (Fox in Birch Forest),
1476949812699139,Right click to place it,
1476949812699140,Picture 5,
1476949812699141,Right click to place it,
1476949812699142,Oil Painting (Rural Life),
1476949812699143,Right click to place it,
1476949812699144,Oil Painting (Divine Tree),
1476949812699145,Right click to place it,
1476949812699146,Oil Painting (Small Stream in the Forest),
1476949812699147,Right click to place it,
1476949812699148,Picture 9,
1476949812699149,Right click to place it,
1476949812699150,Oil Painting(Desert Oasis),
1476949812699151,Right click to place it,
1476949812699152,Picture 11,
1476949812699153,Right click to place it,
1476949812699154,Oil Painting(Deep in the Valley),
1476949812699155,Right click to place it,
1476949812699156,Picture 13,
1476949812699157,Right click to place it,
1476949812699158,Oil Painting(Forgotten Castle),
1476949812699159,Right click to place it,
1476949812699160,Oil Painting(King Castle),
1476949812699161,Right click to place it,
1476949812699162,Toy Plane,
1476949812699163,Right click to place it,
1476949812699164,Radio,
1476949812699165,Right click to place it,
1476949812699166,Record Player Disk 1,
1476949812699167,Right click to place it,
1476949812699168,Record Player Disk 2,
1476949812699169,Right click to place it,
1476949812699170,Record Player Disk 3,
1476949812699171,Right click to place it,
1476949812699172,Rug 1,
1476949812699173,Right click to place it,
1476949812699174,Retro Rug,
1476949812699175,Right click to place it,
1476949812699176,Striped Rug,
1476949812699177,Right click to place it,
1476949812699178,Rug 4,
1476949812699179,Right click to place it,
1476949812699180,Rug 5,
1476949812699181,Right click to place it,
1476949812699182,Rug 6,
1476949812699183,Right click to place it,
1476949812699184,Rug 7,
1476949812699185,Right click to place it,
1476949812699186,Sand Watch,
1476949812699187,Right click to place it,
1476949812699188,Scales 1,
1476949812699189,Right click to place it,
1476949812699190,Scales 2,
1476949812699191,Right click to place it,
1476949812699192,Moire,
1476949812699193,Right click to place it,
1476949812699194,Stone Elephant,
1476949812699195,Right click to place it,
1476949812699196,Wanghai Reef,
1476949812699197,Right click to place it,
1476949812699198,Leather Suitcase,
1476949812699199,Right click to place it,
1476949812699200,Handbag,
1476949812699201,Right click to place it,
1476949812699202,Decorative Sword,
1476949812699203,Right click to place it,
1476949812699204,Old Telephone ,
1476949812699205,Right click to place it,
1476949812699206,Toy 1,
1476949812699207,Right click to place it,
1476949812699208,Toy 2,
1476949812699209,Right click to place it,
1476949812699210,Toy Bear,
1476949812699211,Right click to place it,
1476949812699212,Vinyl Machine,
1476949812699213,Right click to place it,
1476949812699214,Violin,
1476949812699215,Right click to place it,
1476949812699216,Wall Clock,
1476949812699217,Right click to place it,
1476949812699218,Wallet,
1476949812699219,Right click to place it,
1476949812699220,Torch,
1476949812699221,N/A,
1476949812699222,Seawater Bucket,
1476949812699223,A bucket to hold seawater.,
1476949812699224,Water Bottle,
1476949812699225,The container for fresh water.,
1476949812699226,Sack,
1476949812699227,N/A,
1476949812699228,Backpack,
1476949812699229,N/A,
1476949816893440,Pickaxe,
1476949816893441,To mine ores.,
1476949816893442,Diving Fins,
1476949816893443,Swim fast like a fish.,
1476949816893444,Binocular,
1476949816893445,I can finally see hope.,
1476949816893446,Compass,
1476949816893447,It tells the north.,
1476949816893448,Ore Detector,
1476949816893449,It detects anything metallic.,
1476949816893450,Reparing Hammer,
1476949816893451,Just a hammer to repair my boat.,
1476949816893452,Coordinator,
1476949816893453,N/A,
1476949816893454,Fishing Rod,
1476949816893455,Catches small fishes.,
1476949816893456,Battery,
1476949816893457,To power small electronics.,
1476949816893458,Flare,
1476949816893459,Use it to light up the night sky.,
1476949816893460,Headlight,
1476949816893461,I won't worry about night anymore.,
1476949816893462,Lockpick,
1476949816893463,Lockpick,
1476949816893464,Small Air Tank,
1476949816893465,Use it to breathe underwater.,
1476949816893468,Construction Hammer,
1476949816893469,N/A,
1476949816893470,Feather,
1476949816893471,N/A,
1476949816893472,Flare Projectile,
1476949816893473,N/A,
1476949816893474,Grenade Projectile,
1476949816893475,N/A,
1476949816893476,Molotov Projectile,
1476949816893477,N/A,
1476949816893478,Reddot Gun Sight,
1476949816893479,N/A,
1476949816893480,Combat Knife,
1476949816893481,N/A,
1476949816893482,Skull Crusher,
1476949816893483,N/A,
1476949816893484,Bandage,
1476949816893485,Stops bleeding.,
1476949816893486,Herbal Medicine,
1476949816893487,N/A,
1476949816893488,Stamina Herbal Mix,
1476949816893489,N/A,
1476949816893490,Alcohol,
1476949816893491,N/A,
1476949816893492,Antibiotics,
1476949816893494,Herbal Energy Drink,
1476949816893495,N/A,
1476949816893496,Herbal Health Booster,
1476949816893497,N/A,
1476949816893498,Rope,
1476949816893499,It's used to connect things,
1476949816893500,Cloth,
1476949816893501,A basic material.,
1476949816893502,Ballistic Fiber,
1476949816893503,N/A,
1476949816893504,Components,
1476949816893505,"Bolts, wires, nails, that kind of stuff.",
1476949816893506,Gun Parts,
1476949816893507,Components for crafting firearms.,
1476949816893508,Electronic Parts,
1476949816893509,Needed for building electronic applicants.,
1476949816893510,Black Powder,
1476949816893511,Used for luxury furniture,
1476949816893512,Glass,
1476949816893513,Used to craft bottles and weapons.,
1476949816893514,Copper Ingot,
1476949816893515,N/A,
1476949816893516,Copper Ore,
1476949816893517,Can be melt into Copper Ingot using furnance.,
1476949816893518,Cotton,
1476949816893519,The raw ingredient for making cloth.,
1476949816893520,Duct Tape,
1476949816893522,Hide,
1476949816893523,N/A,
1476949816893524,Gasoline,
1476949821087744,N/A,
1476949821087745,Iron Ingot,
1476949821087746,N/A,
1476949821087747,Iron Ore,
1476949821087748,Can be melt into Iron Ingot using furnance.,
1476949821087749,Chemical Substance,
1476949821087750,"Used to make gunpowders, gasoline, etc",
1476949821087751,Marlin Fish Skin,
1476949821087752,N/A,
1476949821087753,Rubber,
1476949821087754,Has multiple uses,
1476949821087755,Scrap Metal,
1476949821087756,Typically found underwater.,
1476949821087757,Shark Skin,
1476949821087758,N/A,
1476949821087759,Paint,
1476949821087760,N/A,
1476949821087761,SubCannon,
1476949821087762,SubCannon,
1476949821087763,Wood Plank,
1476949821087764,Mostly used for constructions.,
1476949821087766,N/A,
1476949821087768,N/A,
1476949821087770,N/A,
1476949821087772,N/A,
1476949821087773,Treasure Map Item,
1476949821087774,N/A,
1476949821087775,Purple Flower,
1476949821087776,N/A,
1476949821087777,Red Flower,
1476949821087778,N/A,
1476949821087779,White Flower,
1476949821087780,N/A,
1476949821087781,Battery,
1476949821087782,N/A,
1476949821087783,Motor Engine,
1476949821087784,The combustion engine for boats.,
1476949821087785,Bottle Of Water,
1476949821087786,N/A,
1476949821087787,Roasted Wahoo,
1476949821087788,N/A,
1476949821087789,Roasted Wahoo,
1476949821087790,N/A,
1476949821087791,Roasted Red Snapper,
1476949821087792,N/A,
1476949821087793,Roasted Bream,
1476949821087794,N/A,
1476949821087795,Fishing Bait,
1476949821087796,N/A,
1476949821087797,Food Can,
1476949821087798,N/A,
1476949821087799,Roasted Bird Meat,
1476949821087800,N/A,
1476949821087801,Roasted Cabbage,
1476949821087802,N/A,
1476949821087803,Roasted Crab,
1476949821087804,N/A,
1476949821087805,Roasted Fish,
1476949821087806,N/A,
1476949821087807,Roasted Meat,
1476949821087808,N/A,
1476949821087809,Roasted Mushroom,
1476949821087810,N/A,
1476949821087811,Roasted Potato,
1476949821087812,N/A,
1476949821087813,Roasted Scallop,
1476949821087814,N/A,
1476949821087815,Soda,
1476949821087816,N/A,
1476949821087817,Water,
1476949821087818,N/A,
1476949821087819,Cola,
1476949821087820,N/A,
1476949821087821,Egg,
1476949821087822,Egg,
1476949821087823,Amberjack,
1476949821087824,N/A,
1476949821087825,Roasted Amberjack,
1476949821087826,N/A,
1476949821087827,Roasted Tuna,
1476949821087828,N/A,
1476949821087829,Tuna,
1476949821087830,N/A,
1476949821087831,Dorado,
1476949821087832,N/A,
1476949821087833,Roasted Dorado,
1476949821087834,N/A,
1476949821087835,Roasted Steenbras,
1476949821087836,N/A,
1476949825282048,Steenbras,
1476949825282049,N/A,
1476949825282050,Onion,
1476949825282051,N/A,
1476949825282052,Bird Meat,
1476949825282053,N/A,
1476949825282054,Cabbage,
1476949825282055,N/A,
1476949825282056,Crab Meat,
1476949825282057,N/A,
1476949825282058,Tarpon,
1476949825282059,N/A,
1476949825282060,Wahoo,
1476949825282061,N/A,
1476949825282062,Red Snapper,
1476949825282063,N/A,
1476949825282064,Bream,
1476949825282065,N/A,
1476949825282066,Large Fish Meat,
1476949825282067,N/A,
1476949825282068,Lemon,
1476949825282069,N/A,
1476949825282070,Mushroom,
1476949825282071,N/A,
1476949825282072,Potato,
1476949825282073,N/A,
1476949825282074,Raw Meat,
1476949825282075,N/A,
1476949825282076,Red Algae,
1476949825282077,N/A,
1476949825282078,Scallop,
1476949825282079,N/A,
1476949825282080,Strawberry,
1476949825282081,N/A,
1476949825282082,Bush Seed,
1476949825282083,N/A,
1476949825282084,Cotton Seeds,
1476949825282085,N/A,
1476949825282086,Lemon Seeds,
1476949825282087,N/A,
1476949825282088,Strawberry Seeds,
1476949825282089,N/A,
1476949825282090,Fish Stew,
1476949825282091,N/A,
1476949825282092,Fruit Salad,
1476949825282093,N/A,
1476949825282094,Meat Stew,
1476949825282095,N/A,
1476949825282096,Mixed Vegetables,
1476949825282097,N/A,
1476949825282098,Mushroom Soup,
1476949825282099,N/A,
1476949825282100,Seafood Soup,
1476949825282101,N/A,
1476949825282102,CookBookA,
1476949825282103,N/A,
1476949825282104,CookBookB,
1476949825282105,N/A,
1476949825282106,CookBookC,
1476949825282107,N/A,
1476949825282108,Crude TShirt,
1476949825282109,N/A,
1476949825282110,Baggy Pants,
1476949825282111,N/A,
1476949825282112,Zip Shoes,
1476949825282113,N/A,
1476949825282114,Scrap Armor,
1476949825282115,N/A,
1476949825282116,Scrap Helmet,
1476949825282117,N/A,
1476949825282118,Tactical Helmet,
1476949825282119,N/A,
1476949825282120,Leather Armor,
1476949825282121,N/A,
1476949825282122,Combat Armor,
1476949825282123,N/A,
1476949825282124,Police Vest,
1476949825282125,N/A,
1476949825282126,Tactical Vest,
1476949825282127,N/A,
1476949825282128,Army Vest,
1476949825282129,N/A,
1476949825282130,Spetznaz Vest,
1476949825282131,N/A,
1476949825282132,Football Helmet,
1476949825282133,N/A,
1476949825282134,Motorcycle Helmet,
1476949825282135,N/A,
1476949825282136,Police Helmet,
1476949825282137,N/A,
1476949825282138,Spetsnaz Helmet,
1476949825282139,N/A,
1476949825282140,Broken Combat Armor,
1476949829476352,"Too broken to wear, but can be used as crafting material.",
1476949829476353,Broken Football Helmet,
1476949829476354,"Too broken to wear, but can be used as crafting material.",
1476949829476355,Broken Police Helmet,
1476949829476356,"Too broken to wear, but can be used as crafting material.",
1476949829476357,Broken Police Vest,
1476949829476358,"Too broken to wear, but can be used as crafting material.",
1476949829476359,Broken Army Helmet,
1476949829476360,"Too broken to wear, but can be used as crafting material.",
1476949829476361,Broken Army Vest,
1476949829476362,"Too broken to wear, but can be used as crafting material.",
1476949829476363,Broken Military Vest,
1476949829476364,"Too broken to wear, but can be used as crafting material.",
1476949829476365,Broken Motorcycle Helmet,
1476949829476366,"Too broken to wear, but can be used as crafting material.",
1476949829476367,Broken Spetznaz Helmet,
1476949829476368,"Too broken to wear, but can be used as crafting material.",
1476949829476369,Broken Spetznaz Vest,
1476949829476370,"Too broken to wear, but can be used as crafting material.",
1476949829476371,Shanty Shirt,
1476949829476372,N/A,
1476949829476373,Shanty Pants,
1476949829476374,N/A,
1476949829476375,Shanty Hat,
1476949829476376,N/A,
1476949829476377,Shemagh,
1476949829476378,N/A,
1476949829476379,Fish Skin Pants,
1476949829476380,N/A,
1476949829476381,Fish Skin Boots,
1476949829476382,N/A,
1476949829476383,Scrap Metal Pants,
1476949829476384,N/A,
1476949829476385,Reinforced Leather Boots,
1476949829476386,N/A,
1476949829476387,Crude Shirt,
1476949829476388,N/A,
1476949829476389,Iron Armor,
1476949829476390,N/A,
1476949829476391,Reinforced Armor Pants,
1476949829476392,N/A,
1476949829476393,Reinforced Armor,
1476949829476394,N/A,
1476949829476395,Leather Helmet,
1476949829476396,N/A,
1476949829476397,Iron Helmet,
1476949829476398,N/A,
1476949829476399,Soft Hat,
1476949829476400,N/A,
1476949829476401,Vest A,
1476949829476402,N/A,
1476949829476403,Vest B,
1476949829476404,N/A,
1476949829476405,Vest Black,
1476949829476406,N/A,
1476949829476407,Vest C,
1476949829476408,N/A,
1476949829476409,Vest1 Forest,
1476949829476410,N/A,
1476949829476411,Navy Vest,
1476949829476412,N/A,
1476949829476413,Vest1 Sand,
1476949829476414,N/A,
1476949829476415,Forest Combat Vest,
1476949829476416,N/A,
1476949829476417,Vest3 Navy,
1476949829476418,N/A,
1476949829476419,Vest3 Sand,
1476949829476420,N/A,
1476949829476421,Iron Armor,
1476949829476422,N/A,
1476949829476423,2Layer TShirt B,
1476949829476424,N/A,
1476949829476425,2Layer TShirt E,
1476949829476426,N/A,
1476949829476427,Bandage Boots,
1476949829476428,N/A,
1476949829476429,Bandana Mouth Black,
1476949829476430,N/A,
1476949829476431,Bandana Mouth Olive,
1476949829476432,N/A,
1476949829476433,Bandana Neck Black,
1476949829476434,N/A,
1476949829476435,Bandana Neck Sand,
1476949829476436,N/A,
1476949829476437,Boots D,
1476949829476438,N/A,
1476949829476439,Boots Forest,
1476949829476440,N/A,
1476949829476441,Boots Navy,
1476949833670656,N/A,
1476949833670657,Boots1 A,
1476949833670658,N/A,
1476949833670659,Boots2 A,
1476949833670660,N/A,
1476949833670661,Bracer C,
1476949833670662,N/A,
1476949833670663,Bracer,
1476949833670664,N/A,
1476949833670665,Breechcloth Pants,
1476949833670666,N/A,
1476949833670667,Camisole A,
1476949833670668,N/A,
1476949833670669,Camisole B,
1476949833670670,N/A,
1476949833670671,Camisole D,
1476949833670672,N/A,
1476949833670673,Camisole,
1476949833670674,N/A,
1476949833670675,Canvas Shoes B,
1476949833670676,N/A,
1476949833670677,Canvas Shoes C,
1476949833670678,N/A,
1476949833670679,Canvas Shoes D,
1476949833670680,N/A,
1476949833670681,Cargo Pants B,
1476949833670682,N/A,
1476949833670683,Cargo Pants C,
1476949833670684,N/A,
1476949833670685,Cargo Shorts A,
1476949833670686,N/A,
1476949833670687,Cargo Shorts B,
1476949833670688,N/A,
1476949833670689,Cargo Shorts C,
1476949833670690,N/A,
1476949833670691,Close collar longsleeves shirt C,
1476949833670692,N/A,
1476949833670693,Close collar longsleeves shirt D,
1476949833670694,N/A,
1476949833670695,Close collar short sleeves shirt E,
1476949833670696,N/A,
1476949833670697,Corset B,
1476949833670698,N/A,
1476949833670699,Corset C,
1476949833670700,N/A,
1476949833670701,Fingerless Gloves Black,
1476949833670702,N/A,
1476949833670703,Fingerless Gloves Brown,
1476949833670704,N/A,
1476949833670705,Flip-flops A,
1476949833670706,N/A,
1476949833670707,Flip-flops C,
1476949833670708,N/A,
1476949833670709,Flip-flops D,
1476949833670710,N/A,
1476949833670711,Gas Mask A,
1476949833670712,N/A,
1476949833670713,Gas Mask B,
1476949833670714,N/A,
1476949833670715,Googles A,
1476949833670716,N/A,
1476949833670717,Henley Longsleeve A,
1476949833670718,N/A,
1476949833670719,Henley Longsleeve B,
1476949833670720,N/A,
1476949833670721,Henley Longsleeve D,
1476949833670722,N/A,
1476949833670723,High-heels A,
1476949833670724,N/A,
1476949833670725,High-heels B,
1476949833670726,N/A,
1476949833670727,High-heels C,
1476949833670728,N/A,
1476949833670729,High-heels D,
1476949833670730,N/A,
1476949833670731,Jeans B,
1476949833670732,N/A,
1476949833670733,Jeans C,
1476949833670734,N/A,
1476949833670735,Jeans E,
1476949833670736,N/A,
1476949833670737,Jeans Rivets,
1476949833670738,N/A,
1476949833670739,Knee Boots B,
1476949833670740,N/A,
1476949833670741,Knee Boots C,
1476949833670742,N/A,
1476949833670743,Knee Boots D,
1476949833670744,N/A,
1476949837864960,Leather Jeans,
1476949837864961,N/A,
1476949837864962,Low-rise Shorts B,
1476949837864963,N/A,
1476949837864964,Low-rise Shorts C,
1476949837864965,N/A,
1476949837864966,Low-rise Shorts D,
1476949837864967,N/A,
1476949837864968,Mini Skirt (Red),
1476949837864969,N/A,
1476949837864970,Mini Skirt D,
1476949837864971,N/A,
1476949837864972,Moccasins Boots,
1476949837864973,N/A,
1476949837864974,Open collar longsleeves shirt C,
1476949837864975,N/A,
1476949837864976,Open collar longsleeves shirt F,
1476949837864977,N/A,
1476949837864978,Open collar longsleeves shirt H,
1476949837864979,N/A,
1476949837864980,Open collar longsleeves shirt I,
1476949837864981,N/A,
1476949837864982,Tucked-SH Forest,
1476949837864983,N/A,
1476949837864984,Tucked-SH Navy,
1476949837864985,N/A,
1476949837864986,Tucked-SH Sand,
1476949837864987,N/A,
1476949837864988,Pants1 A,
1476949837864989,N/A,
1476949837864990,Pants1 B,
1476949837864991,N/A,
1476949837864992,Pants2 A,
1476949837864993,N/A,
1476949837864994,Pants2 B,
1476949837864995,N/A,
1476949837864996,Patched Pants,
1476949837864997,N/A,
1476949837864998,Pencil Skirt A,
1476949837864999,N/A,
1476949837865000,Pencil Skirt D,
1476949837865001,N/A,
1476949837865002,Pencil Skirt E,
1476949837865003,N/A,
1476949837865004,Rocker Jeans,
1476949837865005,N/A,
1476949837865006,Forest Camouflage Top,
1476949837865007,N/A,
1476949837865008,Navy Camouflage Top,
1476949837865009,N/A,
1476949837865010,Desert Camouflage Top,
1476949837865011,N/A,
1476949837865012,Scrub Pants A,
1476949837865013,N/A,
1476949837865014,Scrub Pants B,
1476949837865015,N/A,
1476949837865016,Scrub Pants C,
1476949837865017,N/A,
1476949837865018,Scrub Pants E,
1476949837865019,N/A,
1476949837865020,Shirt B,
1476949837865021,N/A,
1476949837865022,Shirt E,
1476949837865023,N/A,
1476949837865024,Shirt-Standard Forest,
1476949837865025,N/A,
1476949837865026,Shirt-Standard Navy,
1476949837865027,N/A,
1476949837865028,Shirt-Standard Sand,
1476949837865029,N/A,
1476949837865030,Shirt-Tactical Forest,
1476949837865031,N/A,
1476949837865032,Shirt-Tactical Navy,
1476949837865033,N/A,
1476949837865034,Shirt-Tactical Sand,
1476949837865035,N/A,
1476949837865036,Combat Kneepads,
1476949837865037,N/A,
1476949837865038,Ski Mask A,
1476949837865039,N/A,
1476949837865040,Ski Mask B,
1476949837865041,N/A,
1476949837865042,Skinny Pants C,
1476949837865043,N/A,
1476949837865044,Skinny Pants D,
1476949837865045,N/A,
1476949837865046,Slacks B,
1476949837865047,N/A,
1476949837865048,Slacks C,
1476949837865049,N/A,
1476949842059264,Sleeves Top B,
1476949842059265,N/A,
1476949842059266,Sleeves Top C,
1476949842059267,N/A,
1476949842059268,Sleeves Top D,
1476949842059269,N/A,
1476949842059270,Slip-ons A,
1476949842059271,N/A,
1476949842059272,Slip-ons B,
1476949842059273,N/A,
1476949842059274,Slip-ons C,
1476949842059275,N/A,
1476949842059276,Slit Skirt B,
1476949842059277,N/A,
1476949842059278,Slit Skirt C,
1476949842059279,N/A,
1476949842059280,Slit Skirt D,
1476949842059281,N/A,
1476949842059282,Sneakers B,
1476949842059283,N/A,
1476949842059284,Sneakers C,
1476949842059285,N/A,
1476949842059286,Sneakers D,
1476949842059287,N/A,
1476949842059288,Style 2,
1476949842059289,N/A,
1476949842059290,Style 3,
1476949842059291,N/A,
1476949842059292,Style 5,
1476949842059293,N/A,
1476949842059294,Style 6,
1476949842059295,N/A,
1476949842059296,T-shirt A,
1476949842059297,N/A,
1476949842059298,T-shirt C,
1476949842059299,N/A,
1476949842059300,T-shirt D,
1476949842059301,N/A,
1476949842059302,Tank Top B,
1476949842059303,N/A,
1476949842059304,Tank Top C,
1476949842059305,N/A,
1476949842059306,Tank Top D,
1476949842059307,N/A,
1476949842059308,Tank-Top Black,
1476949842059309,N/A,
1476949842059310,Tank-Top Coyote,
1476949842059311,N/A,
1476949842059312,T-Shirt Black,
1476949842059313,N/A,
1476949842059314,T-Shirt Coyote,
1476949842059315,N/A,
1476949842059316,Tucked Pants,
1476949842059317,N/A,
1476949842059318,V Scrub Shirt A,
1476949842059319,N/A,
1476949842059320,V Scrub Shirt D,
1476949842059321,N/A,
1476949842059322,White Gloves C,
1476949842059323,N/A,
1476949842059324,White Gloves D,
1476949842059325,N/A,
1476949842059326,Work Gloves A,
1476949842059327,N/A,
1476949842059328,Work Gloves B,
1476949842059329,N/A,
1476949842059330,Work Gloves C,
1476949842059331,N/A,
1476949842059332,Crude Outfit,
1476949842059333,N/A,
1476949842059334,Casual Outfit 1,
1476949842059335,N/A,
18519925153349632,Black Powder Ammo,
1476949846253617,40MM Grenade,
1476949846253618,N/A,
1476949846253619,Smokeless Powder,
1476949846253620,Ingredient for modern ammo making,
1476949846253621,Crude Grenade,
1476949846253622,N/A,
1476949846253623,Molotov,
1476949846253624,N/A,
1476949846253625,Pistol Ammo,
1476949846253626,N/A,
1476949846253627,Rifle Ammo,
1476949846253628,N/A,
1476949846253629,Shotgun Ammo,
1476949846253630,N/A,
1476949816893521,N/A,
18493643648679936,Sulfur,
18494150970720256,Used to make black powder,
18494938812006400,Used to make black powder ammunition,
18495600417325056,Charcoal,
18496111153528832,Cotton,
18734201088524288,Antique Flintlock Pistol,
19802114969059328,Broken Police Helmet,
19838683960590336,Broken PM,
20612830269554688,Percussion Pistol,
20615383929602048,Broken Percussion Pistol,
20621025645969408,Broken Football Helmet,
20662493668458496,Broken Flintlock Pistol,
20669977741246464,Golden Necklace,
20670148701077504,Diamond Ring,
21074384425336832,Lung Function Booster,
21090289939136512,Orange Coral,
23339036168388608,Gunpowder,
20218687402123264,Black Powder,
20204940121972736,Fine Wood Plank,
20172185128509440,Blueprint: Double Shelf,
20172250698063872,Blueprint: TV,
20172229290336256,Blueprint: French Sofa,
20172219320475648,Blueprint: Green Leather Couch,
20172212949327872,Blueprint: Single Leather Couch,
20172194892849152,Blueprint: Vintage Leather Couch,
20172193819107328,Blueprint: Leather Couch 1,
20172192950886400,Blueprint: Armchair,
20172190098759680,Blueprint: Premium Fireplace,
20172184293842944,Blueprint: Hanging Clocks,
20172183383678976,Blueprint: Chandelier 2,
20172179025797120,Blueprint: Collection Cabinet,
20172255194357760,Blueprint: Double Bed,
20172176978976768,Blueprint: Single Bed,
20172179931766784,Blueprint Double Door Wardrobe,
20172182410600448,Blueprint: Chandelier 1,
20172186101587968,Blueprint: Log Desk,
20172187074666496,Blueprint: Console 3,
20172187980636160,Blueprint: Counter,
20172189058572288,Blueprint: Fireplace,
20172190937620480,Blueprint: Leather Chair 1,
20172191910699008,Blueprint: Backrest Chair,
20459118786355200,Blueprint: Black Leather Chair,
20459135228026880,Blueprint: Black Leather Couch,
20172224626270208,Blueprint: Makeup Table,
20172232943575040,Blueprint Round Glass Table,
20172242913435648,Blueprint Round Table,
20459090797764608,Blueprint: Cabinet 5,
20459092542595072,Blueprint: Cabinet 6,
20459093419204608,Blueprint: Cabinet 7,
20459094253871104,Blueprint: Cabinet 8,
20459095063371776,Blueprint: Cabinet 9,
20459105666572288,Blueprint: Cabinet 10,
20459111605706752,Blueprint: Cabinet 11,
20459136268214272,Blueprint: Chair 5,
20459137006411776,Blueprint: Chair 6,
20459138851905536,Blueprint: Table 1,
20459140462518272,Blueprint: Table 2,
20459115498020864,Blueprint: Wooden Chair 1,
20459122343124992,Blueprint: Wooden Couch 1,
20161845162516480,Exquisite Wooden Shelf,
20161923675693056,Fish Statue,
20161927505092608,Hanger,
20161929212174336,Household Desk Lamp,
20161930084589568,Flashlight,
20161930994753536,Vanity Mirror,
20162098527838208,Owl Toy,
20162099370893312,Pan,
20162100276862976,Oil Painting(Happy Childhood),
20162101115723776,Oil Painting(Birds Singing and Flowers Fragrant),
23434231480287232,Colored Rug,
20162109466583040,Sand Watch,
20162111379185664,Weighing Scale,
20162112524230656,Toy 1,
20162117217656832,Racing Model,
20162120002674688,Toy Bear,
20162122246627328,Wallet,
20161928406867968,Horse Toy,
20161931800059904,Neon Cat,
20162101983944704,Oil Painting(Valley Dusk),
20162103791689728,Oil Painting(Wilderness Scenery),
23436392813527040,Record Player Disk 1,
23436484383571968,Record Player Disk 3,
23436547063250944,Record Player Disk 2,
20162104735408128,Algal Rug,
20162106585096192,Red Rug,
20162108665470976,Figure Rug,
20162110376747008,Scales,
20162097659617280,Neon Route66,
20162102856359936,Oil Painting(Landscape Dusk),
20162105645572096,Rug,
26941845992341504,Stone Hatchet,
20162096850116608,Neon Guitar,
27357291417665536,Broken Combat Armor,
27397761409519616,Model Train,
27673581495746560,Broken Police Vest,
27674036225409024,Broken Motorcycle Helmet,
27674460152102912,Broken Army Vest,
27675170537177088,Broken Military Vest,
27680127537610752,Broken Homemade Revolver,
27681108434321408,Broken Double Barrel Shotgun,
27685791727058944,Broken GP20,
27686209580400640,Broken Pump Shotgun,
27686483518783488,Broken SMG,
27686742793879552,Broken Hunting Rifle,
27689003762810880,Broken Old Bolt Action Rifle,
27689298400083968,Broken AK47,
27689635357884416,Broken CZ60,
27689618207375360,Broken Grenade Launcher,
27689596132753408,Broken M14,
27689571331833856,Broken M16,
31410412900425728,Steak Meal,
31410522455646208,Roasted Lemon Bird,
31410514532605952,Mushroom Bird Soup,
31410507247099904,Salad,
31410499298893824,Seafood Platter,
31410489400336384,Fish Stew,
31410476012118016,Vegetable Soup,
31410467589955584,Crab Cakes,
31410458060496896,Baked Fish with Lemon,
31410450208759808,Strawberry And Lemon Smoothie,
31410440981291008,Coral Smoothie,
31766593123872768,Steel Ingot,
31811622979608576,Coffee Bean,
31814147241779200,Coffee,
32002716946243584,Blueprint: Modern Garden Lamp,
32002727209705472,Blueprint: Modern Lamp Post,
32002741906546688,Blueprint: Modern Wall Lamp,
32002844348227584,Blueprint: Chaise Leather Couch,
32002699997061120,Blueprint: Modern Floor Lamp,
32004283162271744,Blueprint: European Leather Chair,
32127295479980032,Catamaran Controller,
32127304506122240,Catamaran Hull,
32127314308210688,Catamaran Sail,
32127322256416768,Jetski Controls,
32127330443698176,Jetski Engine,
32127342187749376,Jetski Gas Tank,
32127351687847936,Jetski Jet Pump,
32127361280221184,Jetstream Bowrider Console,
32127371019395072,Jetstream Bowrider Engine,
32127379940679680,Jetstream Bowrider Hull,
32127491144261632,Marine Fast Boat Console,
32127501034430464,Marine Fast Boat Engine,
32127511469858816,Marine Fast Boat Hull,
32127521133535232,Motorboat Engine,
32126884643708928,Motorboat Gas Tank,
32126873876930560,Motorboat Propeller,
32412201925844992,Leather,
32415330494947328,Advanced Parts,
32414883214368768,Marble,
32415231509372928,Advanced Alloy,
32415247883935744,Polymer,
34844983626842112,50 Cal Ammo,
35577152362356736,Helicopter Console,
35576868605108224,Motorboat Hull,
35577165175955456,Helicopter Stabilizer,
35577175242285056,Helicopter Engine,
35577288689819648,Helicopter Gas Tank,
35577332730011648,Helicopter Propeller,
35579145063604224,Zippo,
35579061580177408,Cigar,
35579081175965696,Expensive Wine,
35579094895534080,High-end  Perfume,
35579106908020736,High-end Watch,
35579122678603776,Magazine,
35579132073844736,Mobile Phone,
39612230360997888,Blueprint: Floor Tile (European),
39612213726388224,Blueprint: Floor Tile (White Tiles),
39612204758966272,Blueprint: Floor Tile (Wooden),
39612193484677120,Blueprint: Wallpaper (Blue),
39612184290762752,Blueprint: Wallpaper (Green),
39612170835435520,Blueprint: Wallpaper (Yellow),
40042586611609600,Underwater Scooter,
41006829396312064,Broken Special Force Helmet,
41007966665064448,Broken Special Force Armor,
41300802597830656,Candy Bar,
41302246021414912,Instant Ramen,
41302510057046016,Baked Beans,
41302825112190976,Energy Drink,
41304788033880064,Pudding,
42990640700551168,Potato Seed,
42997135316054016,Cabbage Seed,
44244864527253504,Iron Mace,
44244937457811456,Iron Sword,
44271064339464192,Scrap Metal Spear,
44275345864015872,Military Grenade,
44291977969680384,Warm Jacket,
44560055949344768,Tripple Barrel Pistol,
45646647313055744,Silver Coins,
46820976486793216,Broken Tactical Vest,
51180216441651200,Alcohol,
52822429361782784,DEG 45,
52822967184801792,Broken DEG 45,
52856700965240832,Stun SMG,
52857545198944256,Broken Stun SMG,
52886179213230080,Scuba Diving Fins,
53020641783726080,Military Backpack,
20189215705636864,Claw,
20459088390234112,Blueprint: Cabinet 4,
20172180766433280,Blueprint: Cabinet 3,
53931217939603456,Rubber Duck\x0A,
54104612024459264,Blueprint: Blue Patterned Chair,
54104626985541632,Blueprint: Concave Cabinet,
54104639300018176,Blueprint: Desk,
54104651211841536,Blueprint: Plaid Couch,
54104661982814208,Blueprint: Red Cloth Sofa,
54104672183361536,Blueprint: Solid Wood Cabinet,
54104682685898752,Blueprint: Square Table,
54498410552115200,Broken Tactical Helmet,
56135118091730944,Gummy Ducky,
56405263047827456,Silly Cookies,
56422254063349760,Packing Box,
57693245788758016,Tank-Top E,
57693308917227520,V Scrub Shirt C,
57748462577926144,Anime T Shirt,
57748707835658240,Anime Tank Top,
57749257469837312,Lobster Hood,
57749480409677824,Squirrel Hood,
580733886464,English,
580754857984,,
48851363163885568,Franais\x0D,
48851400908427264,Deutsch,
48851430067228672,,
48851450959056896,,
48851474392633344,,
48851501106155520,Espaol,
48851524539731968,Trke,
208412831744,Mutant Settlement,
784060084224,Amuzement Park,
998019919872,Civic Center,
1522693795840,Twin Rocks,
3620697239552,Dreadville,
3827946188800,Faraway Island,
4224869953536,Gas Station,
4285658001408,Green Isle,
4356071976960,Iron Helmet Base,
4763653468160,Iron Skull Base,
4839612313600,Loner Base,
4958952845312,Machine Factory,
5141879025664,Metal Mine,
5338759655424,Neptune,
5450105843712,The Parking Lot,
5538567909376,Police Station,
5640468525056,Post Office,
5701487259648,Radio Island,
5766809350144,Refinery,
5828583059456,Small Factory,
5889987670016,Small Rock Island,
5965246066688,Stormborn Outpost,
6054144339968,Submerged Downtown,
6128094113792,The Bridge,
6185652547584,The Castaway Island,
6244666404864,The Cliffton Outpost,
6335695384576,Ruins Island,
6524250320896,Trading Outpost,
6677996728320,Unknown Ruins,
6765741568000,Village,
6833504743424,District 43,
6884767526912,Zion Atoll,
7076451414016,Marauder Base,
1242199082156032,Power Plant,
1242483384664064,Unknown Ruins,
1242578268209152,Mutants Raft,
1243071048597504,School,
1521852866904064,Warehouse,
1522021104631808,Ashbond Outpost,
1522561540702208,Castle Island,
1883015953793024,Radio Telescope Arrays,
2287595963301888,Frozenland,
3073544162918400,Highway Passes,
3333296319119360,Castle Island,
3739887660974080,Apartments,
4022897632354304,The Mansion,
4024731008770048,The Ruins Island,
4026172012240896,Iceberg,
4028368036569088,Drowned Downtown,
6629239818829824,Rubber Duck Island,
6638092908249088,Rockscape Isle,
9598765221036032,Government District,
755640557568,Asia,
755661529088,Chinese Mainland,
755661529089,Japan,
755661529090,Europe,
755661529091,South America,
5939716415488,South Korea,
6371922665472,"USA, East",
6371926859776,"USA, West",
6925642096640,Best Region,
9106973777920,Disconnection Code 0,
9107003138048,Connection Shutdown by Request.,
9107003138049,Disconnection Code 1,
9107003138050,Disconnection caused by internet problems.,
9107007332352,Disconnection Code 2,
9107007332353,Not matching game mode. Please contact the developers.,
9107007332354,Disconnection Code 3,
9107007332355,Unable to connect to this server or connection refused by the server.,
9107007332356,Disconnection Code 4,
9107007332357,Disconnected due to internet errors.,
9107007332358,Server shutdown,
9107007332359,The server is shutdown.,
9107007332360,Disconnection Code 6,
9107007332361,"Game doesn't exist anymore. But hey, there are many other servers.",
9107007332362,Disconnection Code 7,
9107007332363,"The Region is full, try switching to another region.",
9107007332364,Disconnection Code 8,
9107007332365,Server disconnected to an unavailable or non-existent Region,
9107007332366,Disconnection Code 9,
9107007332367,Session with the same name was already created,
9107007332368,Game is full,
9107007332369,Room has reached the max player number.,
9107007332370,Disconnection Code 11,
9107007332371,Authentication Values are invalid,
9107007332372,Disconnection Code 12,
9107007332373,Authentication has failed for some other reason,
9107007332374,Disconnection Code 13,
9107007332375,Raised when the Authentication Ticket has expired,
9107007332376,Timeout,
9107007332377,"Connection timeout, please try again.",
9107007332378,Disconnection Code 15,
9107007332379,Game is already running .,
9107007332380,Disconnection Code 16,
9107007332381,Raised when any of the StartGame arguments does not meet the requirements,
9107007332382,Disconnection Code 17,
9107007332383,The host disconnected or timed out.,
9107007332384,Timeout,
9107007332385,Connection with a remote server failed by timeout,
9107007332386,Disconnection Code 19,
9107007332387,Connection with a remote server failed because it was refused,
14261715758567424,Removed From Game,
14261817554325504,You have been removed from the game by the host.,
16557340390424576,Wrong Server Password,
16557425010507776,Please check that you have entered the correct server password.,
28478267392,Set up a base.,
234234044416,"I find myself on the beach with a pounding headache and no memories except for being tortured in a dark room. Survival is my top priority now, but I have nothing. I'll scour the surroundings for materials to make a shelter and tools. A bed to sleep on and something to satisfy my hunger would be great too.",
3197191053312,Craft a {0}.,
270934358351872,Build a {0}.,
375009410277376,Craft a {0}.,
375265875189760,Build a {0}.,
1053104966459392,Eliminate The {0} faction.,
1054915853017088,Eliminate The Marauders.,
1054915853017089,"The Marauders are a notorious band of pirates who specifically target weaker and more vulnerable settlements and vessels. Although they may lack advanced equipment compared to other pirate groups, their sheer numbers and ruthless tactics compensate for this. It is undeniable that eliminating them would greatly benefit the people of Sunkenland.",
1054915853017090,Eliminate The Skull Crushers,
1054915853017091,"The Skull Crushers, a brutal bandit clan, has seized the sunken downtown area, perching atop submerged skyscrapers. Their threat looms large as they hoard vital resources and launch relentless attacks. It's time to confront and defeat these marauders, ensuring a prosperous future. But beware, they're armed and dangerous.",
1054915853017092,Eliminate The Scorchers,
1054915853017093,"Infiltrate and neutralize the Scorchers, a deadly bandit faction occupying the abandoned nuclear power plant. Armed to the teeth and backed by a mutant army, they pose a grave threat. Prepare for radiation exposure, wear protective gear, and carry anti-rad meds. Take down the Scorchers, claim valuable loot, and restore peace to the region.",
1058677732663296,Eliminate The {0} faction.,
16944433904238592,A New Chapter,
16996100183965696,,
37901667026878464,"-I need to establish a base\x0A\x0A-The terrain is uneven. Need to build on foundations.\x0A\x0A-I should scavenge underwater ruins for materials.\x0A\x0A-I can hunt large fish for food, but I must be cautious of sharks.\x0A\x0A-Considering the long term, I should cultivate fruits for sustainable food sources.\x0A\x0A-Acquiring weapons is a priority as I must be prepared for potential encounters with pirates.\x0A\x0A-Exploring for blueprints or broken items can lead to crafting better gear.",
37905277190160384,Here is a list of things I should do:,
6529306624,Toggle,
61629878272,Hold,
84539166720,Mixed,
52540309504,Game Version Mismatch,
773444698112,Please make sure that you and your Steam friends have the same game version number.,
929360240640,Away,
919071612928,Busy,
906333511680,Online,
900637646848,Offline,
970758021120,Snooze,
977175306240,Looking To Trade,
1011124002816,Looking To Play,
1037007052800,Invisible,
1044149952512,Max,
162171539456,Server Console,
67397046272,Kick,
437724729344,Kick,
594830774272,Are you sure to kick this player from the game?,
23711510528,FOV,
165623619584,Sunkenland,
271710150656,Start Game,
416480747520,Settings,
527021629440,Quit Game,
32245543854080,General,
1611015916609536,Default,
1611015933386752,Back,
1611015933386753,Done,
1611015933386754,Cancel,
1611015933386755,Key Binding,
1611015933386756,Graphics,
1611015933386757,Controller,
1611015933386758,Audio,
1611015933386759,Master Volume,
1611015933386760,Music,
1611015933386761,Sound Effects,
1611015933386762,Input,
1611015933386763,Mouse Sensitivity,
1611015933386764,Invert Mouse X,
1611015933386765,Invert Mouse Y,
1611015933386766,Controller Input,
1611015933386767,Left Stick Deadzone,
1611015933386768,Right Stick Deadzone,
1611015933386769,Right Stick Sensitivity,
1611015933386770,Controller Aim Sensitivity,
1611015933386771,Voice Chat,
1611015933386772,Enable Voice Chat,
1611015933386773,Push-To-Talk,
1611015933386774,Voice Chat Volume,
1611015933386775,Microphone Volume,
1611015933386776,Microphone,
1611015933386777,Refresh,
1611015933386778,Move Forward,
1611015933386779,Move Backward,
1611015933386780,Move Left,
1611015933386781,Move Right,
1611015933386782,Jump,
1611015933386783,Crouch,
1611015933386784,Sprint,
1611015933386785,Fire,
1611015933386786,Aim,
1611015933386787,Reload,
1611015933386788,Inventory,
1611015933386789,Building Menu,
1611015933386790,Map Menu,
1611015933386791,Light,
1611015933386792,Quick Slot 1,
1611015933386793,Quick Slot 2,
1611015933386794,QuickSlot 3,
1611015933386795,QuickSlot 4,
1611015933386796,QuickSlot 5,
1611015933386797,QuickSlot 6,
1611015933386798,Display Settings,
1611015933386799,Resolution,
1611015933386800,Fullscreen Mode,
1611015933386801,Exclusive Fullscreen,
1611015933386802,Fullscreen Window,
1611015933386803,Windowed,
1611015933386804,On,
1611015933386805,Off,
1611015933386806,V-Sync,
1611015933386807,Low,
1611015933386808,Mid,
1611015933386809,High,
1611015933386810,Highest,
1611015933386811,Graphic Details,
1611015933386812,Preset,
1611015933386813,Shadow Resolution,
1611015933386814,Shadow Quality,
1611015933386815,Disabled,
1611015933386816,Hard Shadow,
1611015933386817,All,
1611015933386818,Shadow Distance,
1611015933386819,Texture Quality,
1611015933386820,New Character,
1611015933386821,Select Character,
1611015933386822,Start,
1611015933386823,Delete Character,
1611015933386824,Male,
1611015933386825,Female,
1611015933386826,Face,
1611015933386827,Hair,
1611015933386828,Hair Color,
1611015933386829,Name,
1611015933386830,NOT A VALID NAME,
1611015933386831,Create Game,
1611015933386832,Join Game,
1611015937581056,New World,
1611015937581057,Delete,
1611015937581058,Host Server,
1611015937581059,Single Player,
1611015937581060,Server Password,
1611015937581061,Enter Text,
1611015937581062,Server Region,
1611015937581063,Easy,
1611015937581064,Normal,
1611015937581065,Hard,
1611015937581066,Insane,
1611015937581067,Enemy Difficulty,
1611015937581068,Survival Difficulty,
1611015937581069,Enemy Raid Frequency,
1611015937581071,Friendly Fire,
1611015937581072,Share Research,
1611015937581073,Share Map,
1611015937581074,World Name,
1611015937581076,Create World,
1611015937581077,Loading...,
1611015937581078,Inventory,
1611015937581079,Build,
1611015937581080,Mission,
1611015937581081,Backpack,
1611015937581082,Loot,
1611015937581083,Simple Crafting,
1611015937581084,Take All,
1611015937581085,Sort,
1611015937581086,Split,
1611015937581087,Antenna not found,
1611015937581088,No Incomming Transmission,
1611015937581089,Reset,
1611015937581090,Deal,
1611015937581091,Trader,
1611015937581092,You,
1611015937581093,Buy List,
1611015937581094,Sell List,
1611015937581095,How much?,
1611015937581096,Min,
1611015937581097,Max,
1611015937581098,OK,
1611015937581099,Random Respawn,
1611015937581100,Resume,
1611015937581101,Options,
1611015937581102,Save And Logout,
1611015937581103,Research,
1611015937581104,Improved Research Table,
1611015937581105,Upgrade,
1611015937581106,Study,
1611015937581107,Crafting,
1611015937581108,Upgrade,
1611015937581109,Study,
1611015937581110,Bleeding. Apply some bandages,
1641129568100352,Language,
1743224581382144,Create Character,
1747993614082048,Skin,
1942822604234752,Join Server,
1943345969487872,Join,
1943345969487873,Refresh,
2015830022807552,Build,
2015830043779072,Category,
2017860833501184,Craft,
2021010437038080,Turn Off,
1611015937581111,Hungry. Find something to eat,
1611015937581112,Thirsty. Drink something,
1611015937581113,Tired. You need to rest,
1611015937581114,Freezing. Stay near fire,
1611015937581115,Increased stamina recovery,
2080635735760896,Day,
2080635760926720,HP,
2080635760926721,EN,
2080635760926722,Torch,
2080635760926723,Reel In,
2080635760926724,Build,
2080635760926725,Rotate,
2080635760926726,Return,
2080635760926727,Quit,
2080635760926728,Drag,
2080635760926729,Use,
2080635760926730,Togge Light,
2080635760926731,Quit,
2080635760926732,Forward,
2080635760926733,Backward,
49226316857176064,Demolish,
49223388721278976,Descent,
2080635760926738,Sail Up,
2080635760926739,Rotate Sail,
2080635760926740,Turn Left,
2080635760926741,Turn Right,
49223202951360512,Lift,
2080635760926743,Repair,
2080635760926744,Left Mouse: Drag,
2080635760926745,Scrollwheel: Zoom,
2840119198343168,Armor,
2840119219314688,Inventory,
2840119219314689,Swim Speed,
2840119219314690,Movement Speed,
2840119219314691,Damage,
2840119219314692,Hunger,
2840119219314693,Thirst,
2840119219314694,Health,
2840119219314695,Energy,
2840119219314696,Bleeding,
2840119219314697,Stamina recovery rate increased,
21162002794168320,Increased diving time,
24265803686731776,{0}'s World,
30360768270528512,Connect,
30361524792946688,Disconnect,
30464606629490688,Install Wire (1 Rubber),
34978377661726720,OK,
34978377686892544,Create Game,
34978377686892545,Join Game,
34978377686892546,Server Description,
34978377686892547,Max Player,
34978377691086848,JOIN PLAYER HOSTED SERVERS,
34978377691086849,REFRESH,
34978377691086850,{0} SERVERS FOUND,
34978377691086851,SEARCH SERVER,
34978377691086852,SERVER NAME,
34978377691086853,SERVER REGION,
34978377691086854,HIDE WITH PASSWORD,
34978377691086855,HIDE FULL,
34978377691086856,APPLY,
34978377691086857,Player,
34978377691086858,Ping,
34978377691086859,Join,
34978377691086860,Wrong Password!,
36856459478532096,No Server Description,
36988271840296960,Network Error,
36988271869657088,Back To Main Menu,
36988271869657089,Reconnect,
37766130532605952,Refreshing,
38116860510593024,Reconnecting...\x0AThis will take a while...,
39786784894185472,MAP,
39843965844811776,Faction,
44740018399338496,Display,
44864333946019840,HELLO SUNKENLANDER,
44864333966991360,"Welcome to the uncharted realm of Sunkenland's Early Access! Currently, the game is in active development, which means you may experience bugs, incomplete features, glitches, and a lack of content, but we will keep the updates coming. Some features or content may also be subject to change or removal as part of the development process.\x0D\x0A\x0D\x0A Thank you for participating in Early Access and shaping this game together with us. We look forward to your constructive feedback in the Steam reviews and forum discussions.\x0D\x0A",
44864333966991361,WHAT IS IN THE CURRENT VERSION,
44864333966991362,- Scavenge/Loot\x0D\x0A- Craft Items\x0D\x0A- Build Bases\x0D\x0A- Defend Base\x0D\x0A- Raid Enemies\x0D\x0A- Melee/Ranged Combat\x0D\x0A- Singleplayer/Online Coop/Invite Steam Friends\x0D\x0A- Drive Boats/Helicopters\x0D\x0A- Experience Basic Character Customization\x0D\x0A- Engage in Basic Trading\x0D,
44864647168253952,CONTINUE,
45512627842936832,Remove Battery,
47572974201294848,Optional,
47590461785591808,AutoSave,
48040510269415424,Select Save File,
49211809422340096,UPGRADE,
49214317913927680,BLUEPRINT STUDIED,
49215841067036672,Unlocked New Item:,
49216711414476800,Value,
49218255828512768,Shoot,
49234383065804800,NOT UNLOCKED YET,
50220972014129152,Modify,
50220972043489280,None,
50220972043489281,Low,
50220972043489282,Mid,
50220972043489283,High,
50220972043489284,Share Flag,
50220972047683584,Random Birth Place (Not Recommended),
50220972047683585,Respawn Time,
50220972047683586,Invalid,
50220972047683587,World Description,
50220972047683588,Modify World Setting,
50220972047683590,Save and return to Main Menu?,
50220972056072192,Auto Save,
50246777469489152,Quest Menu,
50673379511857152,SpeedUp,
50848305002803200,Attitude,
50918948308795392,Select Respawn Point.,
52308344189214720,Please wait for saving to finish.,
52308344226963456,You must respawn first before logging out.,
52308344226963457,Invites you to join a game.,
52308344226963458,Reject,
52308344226963459,Accept,
52308344226963460,Error,
52308344226963461,Please select a Character first and then accept the friend invitation.,
52308344226963462,You must select a character first!,
52308344226963463,INVITE STEAM FRIEND,
52341081226862592,No Server Found,
52741610266488832,Invite,
52741686657347584,Invitation Sent,
53477809729892352,Enemy Garrison Amount,
53478161338396672,Very High,
53763508324593664,Share Spawn Point (Bed),
53867435977043968,Enemies,
53868154218049536,Islands,
54058095462596608,WHAT WE WILL ADD LATER,
54058398295539712,"- Polish the existing features\x0A- Optimize the game\x0A- Add more content, such as buildings, items, weapons, maps, factions, etc.\x0A- Introduce Creative mode\x0A- Develop Lore/Stories/Quests\x0A- Enhance Character Customization\x0A- Include more vehicles\x0A- Implement Ocean Combat\x0A-And more will be discussed during development\x0A",
54174390891855872,Audio,
54176492498206720,Camera Shake,
54176700497936384,Aiming Mode,
54182653020618752,Click on the item icon to move it to the Buy or Sell list.,
54753609233481728,DROP,
54795487794446336,Attention!,
54795540294549504,"If you last played in v0.1.04 and want to retain your progress, switch to the Olderversion branch now. If you played after the v0.1.10 update (released on Thursday), you're good to go.\x0A\x0A\x0ATo switch to v0.1.04: In the Steam Library, right-click the game, select 'Properties', go to the 'BETAS' tab, and choose 'olderversion0104' from the drop-down menu.\x0AAfter switching, load the game as usual, and place all your inventory items, including the hotbar and equipment, into a storage chest in your base. Then save the game and switch back to the main branch. Please note that blueprints will be affected in any case.\x0A(To switch back, repeat the process and select 'None - opt out of all beta programs'.)\x0A\x0A\x0ALoading saves in this version will erase your inventory and blueprints, but your buildings should remain intact.\x0A\x0A\x0AWe've overhauled the game's core coding to address saving/loading issues, resulting in faster saving and more stable loading. We've also improved world stability (tested with 30k building pieces). Unfortunately, these changes led to save conflicts.",
55805379913773056,Delete  World,
55805526081073152,Are you sure to delete the selected world?,
56485761920233472,Pack Up,
57002251330080768,Visible to public,
57019348482486272,Switch Ore Type,
